{
    "bond": 5000.0,
    "steric": 523.6508561209952,
    "ttt7": 50.0,
    "hydro": 20.599611734157094,
    "helix": 10.191887648454905,
    "sheet": 10.125139230912987,
    "torsion": 21.957794986883805,
    "elec": 5.040723897202216,
    "rg": 102.06758427072566
}