{
    "bond": 5000.0,
    "steric": 527.7631148924061,
    "ttt7": 50.0,
    "hydro": 19.879743540366213,
    "helix": 10.612838599806892,
    "sheet": 10.465669741532384,
    "torsion": 19.19754282387649,
    "elec": 5.180027654842913,
    "rg": 99.22057737166352
}